English	German	Spanish	French	Esperanto	Portuguese	Polish	Russian	Dutch	Italien
Hello!	Hallo!	¡Hola!	salut!	Saluton!	Olá!	Witaj!	Здравствуйте!	Hallo!	Ciao!
How are you?	Wie geht es dir?	¿Cómo estás?	Comment allez-vous?	Kiel vi fartas?	Como você está?	Jak się masz?	Как дела?	Hoe gaat het met je?	Come stai?
This is a table.	Das ist ein Tisch.	Esto es una mesa.	C'est une table.	Jen tablo.	Esta é uma tabela.	To jest stół.	Это стол.	Dit is een tafel.	Questo è un tavolo.
It is a green door.	Es ist eine grüne Tür.	Es una puerta verde.	Il est une porte verte.	Estas verda pordo.	É uma porta verde.	Jest zielone drzwi.	Это зеленая дверь.	Het is een groene deur.	Si tratta di una porta verde.
Now is the time to act.	Jetzt ist die Zeit zu handeln.	Ahora es el momento de actuar.	Il est maintenant temps d'agir.	Nun estas la tempo agi.	Agora é a hora de agir.	Teraz jest czas, aby działać.	Сейчас настало время действовать.	Nu is het tijd om te handelen.	Ora è il momento di agire.
The counter had several salads displayed.	Der Zähler hatte mehr angezeigt Salate.	El mostrador tenía varias ensaladas mostradas.	Le compteur avait plusieurs salades affichées.	La vendotablo havis plurajn salatojn montriĝas.	O contador tinha várias saladas exibidos.	Licznik miał kilka sałatki wyświetlany.	Счетчик имел несколько салатов отображенных.	De teller had verschillende salades weergegeven.	Il contatore aveva diverse insalate visualizzati.
He sold merely an ounce of gold.	Er verkaufte nur eine Unze Gold.	Vendió más que una onza de oro.	Il a vendu seulement une once d'or.	Li vendis nur onza de oro.	Ele vendeu apenas uma onça de ouro.	Sprzedał jedynie uncję złota.	Он продал лишь одну унцию золота.	Hij verkocht slechts een ounce goud.	Ha venduto solo un'oncia d'oro.
Once upon a time in the west.	Es war einmal im Westen.	Érase una vez en el Oeste.	Il était une fois dans l'Ouest.	Iam en la okcidento.	Era uma vez no Oeste.	Pewnego razu na Dzikim Zachodzie.	Однажды на Диком Западе.	Er was eens een tijd in het Westen.	C'era una volta nel West.
The hall was crowded with people.	Die Halle war voll mit Menschen.	La sala estaba llena de gente.	La salle était bondée de gens.	La halo estis plena de homoj.	O salão estava lotado de pessoas.	Sala była przepełniona ludźmi.	Зал был переполнен людьми.	De zaal was vol met mensen.	La sala era affollata di gente.
She was standing to the left of him.	Sie war nach links von ihm steht.	Estaba de pie a la izquierda de él.	Elle se tenait à la gauche de lui.	Ŝi staris maldekstre de li.	Ela estava em pé à esquerda dele.	Stała na lewo od niego.	Она стояла слева от него.	Ze stond aan de linkerkant van hem.	Era in piedi alla sua sinistra.
Her pigtails hopped up and down as she rode away.	Ihre Zöpfe hüpften auf und ab, als sie weg fuhr.	Sus trenzas saltaron arriba y abajo mientras se alejaba.	Ses tresses sautaient haut et en bas comme elle partit.	Ŝia plektas saltetis tien kaj reen dum ŝi forrajdis.	Suas tranças pulou cima e para baixo quando ela partiu.	Jej warkocze skakał w górę iw dół, jak ona odjechała.	Ее косички прыгали вверх и вниз, как она ускакал.	Haar vlechten sprong op en neer toen ze wegreed.	Le treccine saltò su e giù come lei se ne andò.
The waitresses obviously had fun.	Die Bedienungen hatten offensichtlich Spaß.	Las camareras, obviamente, se divirtieron.	Les serveuses ont évidemment eu du plaisir.	La kelnerinoj evidente havis amuzo.	As garçonetes, obviamente, tinha divertido.	Kelnerki oczywiście dobrze się bawili.	Официантки, очевидно, было весело.	De serveersters had duidelijk plezier.	Le cameriere avevano ovviamente divertente.
If you need to create sentences, Houston Airport is very inspiring.	Wenn Sie Sätze erstellen müssen, ist Houston Flughafen sehr inspirierend.	Si necesita crear oraciones, el aeropuerto de Houston es muy inspirador.	Si vous avez besoin pour créer des phrases, l'aéroport de Houston est très inspirant.	Se vi devas krei frazojn, Houston Flughaveno estas tre inspira.	Se você precisa criar frases, Houston Airport é muito inspirador.	Jeśli trzeba utworzyć zdania, Houston Airport jest bardzo inspirujące.	Если вам необходимо создать предложения, Аэропорт Хьюстон очень вдохновляет.	Als u nodig hebt om zinnen te maken, Houston Airport is zeer inspirerend.	Se avete bisogno di creare frasi, Houston Airport è molto stimolante.
The indirect light on the ceiling gave a cosy atmosphere.	Das indirekte Licht an der Decke gab eine gemütliche Atmosphäre.	La luz indirecta en el techo dio un ambiente acogedor.	La lumière indirecte au plafond a une atmosphère chaleureuse.	La nerekta lumo sur la plafono donis komforta atmosfero.	A luz indireta no teto deu uma atmosfera acolhedora.	Światło pośrednie na suficie dał przytulną atmosferę.	Отраженный свет на потолке дал уютную атмосферу.	Het indirecte licht op het plafond gaf een gezellige sfeer.	La luce indiretta sul soffitto ha dato un'atmosfera accogliente.
The Winchester Model 1873 Rifle is oft-termed as the Gun That Won The West. 	Das Winchester Model 1873 Gewehr wird oft bezeichnet als Gun Des Won The West.	El rifle Winchester Modelo 1873 es frecuentemente denominado como el arma que ganó el Oeste.	Le Winchester modèle 1873 Fusil est souvent appelé comme l'arme qui conquête de l'Ouest.	La Winchester Modelo 1873 Fusilo estas ofte-nomita kiel la Kanono Tio Ŭon La Okcidento.	O Winchester Modelo 1873 Rifle é frequentemente denominado como a arma que ganhou o Ocidente.	Winchester model 1873 Rifle jest często określany jako Gun, który zdobył na Zachodzie.	Winchester Model 1873 Винтовки часто называют как пистолет, который выиграл Запад.	The Winchester Model 1873 Rifle is oft-genoemd als de Gun Dat Heeft The West.	Il modello Winchester 1873 Fucile è spesso definito come la pistola che ha vinto l'Occidente.
Her red carpet had two white stripes on each corner.	Ihr roter Teppich hatte zwei weißen Streifen an jeder Ecke.	Su alfombra roja tenía dos rayas blancas en cada esquina.	Son tapis rouge avait deux bandes blanches sur chaque coin.	Ŝia ruĝa tapiŝo havis du blankajn striojn sur ĉiu angulo.	Seu tapete vermelho tinha duas listras brancas em cada canto.	Jej czerwony dywan miał dwa białe paski na każdym rogu.	Ее красный ковер были две белые полосы на каждом углу.	Haar rode tapijt had twee witte strepen op elke hoek.	Il suo tappeto rosso ha avuto due strisce bianche su ogni angolo.
The Henry rifle was unsuitable for large game.	Das Henry-Gewehr war nicht geeignet für großes Spiel.	El rifle Henry no era apto para la caza mayor.	Le fusil Henry ne convenait pas pour le gros gibier.	La Henry fusilo estis netaŭga por granda ludo.	O rifle Henry era inadequado para o jogo grande.	Henry karabin był nieodpowiedni dla dużej grze.	Винтовка Генри была непригодна для большой игры.	De Henry geweer was niet geschikt voor groot wild.	Il fucile Henry era inadatto per gioco di grandi dimensioni.
On my first morning on the farm, I was awoken suddenly by the cock-a-doodle-do of the resident rooster.	An meinem ersten Morgen auf dem Bauernhof, wurde ich plötzlich von dem cock-a-doodle-do des Bewohner Hahn aufgewacht.	En mi primera mañana en la granja, me despertó de repente por el cock-a-doodle-do del gallo residente.	Le premier matin à la ferme, j'ai été réveillé tout à coup par le coq-a-doodle-do du coq résident.	En mia unua mateno en la bieno, mi estis vekita subite per la koko-a-doodle-do de la loĝantaj koko.	Em minha primeira manhã na fazenda, eu estava acordado de repente pela cock-a-doodle-do do galo residente.	Na mój pierwszy rano na farmie, zostałem obudzony nagle przez cock-a-doodle-do koguta rezydenta.	На моей первой половине дня на ферме, я был разбужен внезапно петух-а-каракуля-Пукто петуха резидента.	Op mijn eerste ochtend op de boerderij, werd ik plotseling gewekt door de cock-a-doodle-do van de bewoner haan.	Nel mio primo giorno in azienda, sono stato svegliato improvvisamente dal gallo-a-doodle-do del gallo residente.
Ticktock, ticktock… the sound of the clock was all that could be heard in the hospital waiting room.	Ticktock, ticktock ... der Klang der Uhr war alles, was im Krankenhaus Wartezimmer zu hören war.	Ticktock, tictac ... el sonido del reloj era todo lo que se podía escuchar en la sala de espera del hospital.	Ticktock, ticktock ... le son de l'horloge était tout ce qu'on pouvait entendre dans la salle d'attente de l'hôpital.	Ticktock, ticktock ... la sono de la horloĝo estis ĉio, kion aŭdiĝis en la hospitalo atendejo.	Ticktock, ticktock ... o som do relógio era tudo o que podia ser ouvido na sala de espera do hospital.	Ticktock, ticktock ... dźwięk zegara było wszystko, co można było usłyszeć w szpitalnej poczekalni.	Тиканье, тиканье ... звук часы все, что можно было услышать в комнате больницы ожидания.	Ticktock, ticktock ... het geluid van de klok was alles wat in het ziekenhuis wachtkamer kon worden gehoord.	Ticktock, ticktock ... il suono dell'orologio era tutto ciò che poteva essere sentito nella stanza d'ospedale d'attesa.
I ordered online proofreading services with the click of a mouse.	Ich bestellte Online-Korrekturlesen mit dem Klicken einer Maus.	Pedí servicios de revisión en línea con el clic de un ratón.	J'ai commandé des services de correction d'épreuves en ligne avec le clic d'une souris.	Mi mendis rete provlegado servoj kun la klako de muso.	Eu pedi serviços de revisão on-line com o clique de um mouse.	Zamówiłem korekta usługi internetowe za pomocą kliknięcia myszy.	Я заказал услуги онлайн корректуры с щелчком мыши.	Ik bestelde online proeflezen diensten met de klik van een muis.	Ho ordinato servizi di revisione in linea con un semplice clic del mouse.
I knew we had finally left the city when I could hear the gentle moo of the cows in the field.	Ich wusste, wir hatten schließlich die Stadt verlassen, als ich die sanfte moo der Kühe auf dem Gebiet hören.	Yo sabía que finalmente habíamos salido de la ciudad cuando pude escuchar el moo suave de las vacas en el campo.	Je savais que nous avions finalement quitté la ville quand je pouvais entendre la douce moo des vaches dans le domaine.	Mi sciis ni finfine forlasis la urbon, kiam mi aŭdis la milda Moo de la bovinoj sur la kampo.	Eu sabia que tinha finalmente deixou a cidade quando eu podia ouvir o moo suave das vacas no campo.	Wiedziałem, że w końcu opuścił miasto, kiedy słyszałem delikatny moo krów w tej dziedzinie.	Я знал, что мы, наконец, покинули город, когда я мог услышать нежное мычание коров в поле.	Ik wist dat we hadden eindelijk de stad, toen ik de zachte moo van de koeien in het veld kon horen vertrokken.	Sapevo che avevamo finalmente lasciato la città in cui ho potuto sentire il dolce moo delle mucche nel campo.
Quack, quack went the ducks as we threw them our stale bread.	Quack, Quack gingen die Enten, wie wir sie unser altes Brot warf.	Cuac, cuac se fue a los patos ya que los tiramos nuestro pan rancio.	Quack, charlatan est allé les canards que nous les jetions notre pain rassis.	Ha, ha iris la anasoj kiel ni ĵetis ilin niaj malfreŝa pano.	Quack, quack passou os patos como nós jogou o nosso pão velho.	Szarlatan, szarlatan poszedł kaczki jak rzuciliśmy im naszą czerstwy chleb.	Кря, кря пошли утка, как мы бросили им наш черствый хлеб.	Quack, kwakzalvers ging de eenden zoals wij ze gooiden onze oudbakken brood.	Quack, Quack andato le anatre come abbiamo buttato loro il nostro pane raffermo.
Zip! My dress was fastened and I was finally ready for the wedding.	Reißverschluss! Mein Kleid befestigt war, und ich war endlich bereit für die Hochzeit.	¡Cremallera! Mi vestido estaba cerrada y yo estaba listo para la boda.	Zip *: français! Ma robe était fermée et je suis enfin prêt pour le mariage.	Zip! Mia robo estis fiksitaj kaj mi fine preta por la geedziĝo.	Fecho eclair! Meu vestido estava presa e eu estava finalmente pronto para o casamento.	Zamek błyskawiczny! Moja suknia była przymocowana i byłem gotowy na ślub.	Zip! Мое платье крепилось и я, наконец, готов к свадьбе.	Zip! Mijn jurk was vastgemaakt en ik was eindelijk klaar voor de bruiloft.	Cerniera lampo! Il mio vestito è stato fissato ed ero finalmente pronto per il matrimonio.
It was lovely to wake up to the tweet of the birds outside my bedroom window.	Es war schön, zu dem Tweet der Vögel vor meinem Schlafzimmerfenster aufzuwachen.	Era precioso para despertar al tuit de las aves fuera de la ventana de mi dormitorio.	Il était très agréable de se réveiller le tweet des oiseaux en dehors de la fenêtre de ma chambre.	Estis bela veki al la tweet de la birdoj ekster mia dormoĉambro fenestro.	Foi lindo para acordar para o tweet dos pássaros fora da janela do meu quarto.	To było piękne obudzić się do ćwierkanie ptaków moim oknem sypialni.	Это было прекрасно, чтобы проснуться, чтобы чирикать птицы вне моего окна спальни.	Het was heerlijk om wakker worden met het gekwetter van de vogels buiten mijn slaapkamerraam.	E 'stato bello svegliarsi al il tweet degli uccelli fuori dalla mia finestra della camera.
“Compliments to the chef,” roared the giant as he let out a huge belch.	„Kompliment an den Koch“, brüllte der Riese, als er einen riesigen Rülpser vermietet.	“Felicitaciones al chef,” rugió el gigante mientras dejaba escapar un gran eructo.	« Compliments au chef », rugit le géant comme il laissa échapper un énorme éructer.	"Komplimentoj al la kuiristo," muĝis la giganta kiel li luigos grandega parolacxas.	“Cumprimentos o chefe”, rugiu o gigante como ele soltou um grande arroto.	„Pozdrowienia dla szefa kuchni”, ryknął gigant jak wypuścił ogromną beknięcie.	«Комплименты повару,» проревел гигант, как он выпустил огромную отрыжку.	“Complimenten aan de chef-kok,” brulde de reus terwijl hij slaakte een enorme oprisping.	“Complimenti allo chef”, ruggì il gigante come lui si lasciò sfuggire un enorme rutto.
My teeth were chattering as we waited in the freezing cold for the bus to arrive.	Meine Zähne klapperten, wie wir in der eisigen Kälte warteten auf den Bus zu gelangen.	Me castañeteaban los dientes mientras esperábamos en el frío de congelación para el autobús para llegar.	Mes dents claquaient comme nous avons attendu dans le froid glacial pour le bus pour arriver.	Miaj dentoj estis babilante kiel ni atendis en la congelación malvarma por la buso alvenos.	Meus dentes batiam enquanto esperávamos no frio congelante para o ônibus para chegar.	Moje zęby były zębami jak czekaliśmy na mrozie na autobus przybyć.	Мои зубы стучали, как мы ждали на морозе на автобус, чтобы прибыть.	Mijn tanden klapperden als we wachtten in de vrieskou voor de bus te komen.	Battevo i denti, come abbiamo aspettato al freddo per il bus per arrivare.
I could hear their buzzing, so I knew there was a bee’s nest around here somewhere.	Ich konnte ihr Summen hören, so dass ich wusste, dass es eine Biene war Nest hier irgendwo.	Podía escuchar su zumbido, así que sabía que era un nido de una abeja alrededor de aquí en alguna parte.	Je pouvais entendre leur bourdonnement, donc je savais qu'il y avait un nid d'abeille autour d'ici quelque part.	Mi povis aŭdi ilian zumado, do mi sciis estis abelo nesto ĉirkaŭ ĉi tie ie.	Eu podia ouvir o seu zumbido, então eu sabia que havia um ninho de abelha por aqui em algum lugar.	Słyszałem ich brzęczenie, więc wiedziałem, że gniazdo pszczoła jest gdzieś tutaj.	Я мог слышать их жужжание, так что я знал, что там было гнездо пчелы вокруг где-то здесь.	Ik kon hun gezoem horen, dus ik wist dat er het nest van een honingbij is hier ergens.	Sentivo il loro ronzio, quindi sapevo che c'era un nido di api qui da qualche parte.
Please do not beep your horn after dark.	Bitte verwenden Sie einen Signalton nicht dein Horn nach Einbruch der Dunkelheit.	Por favor, no sonará la bocina después del anochecer.	S'il vous plaît ne bip pas votre klaxon à la nuit tombée.	Bonvolu ne pepo vian kornon post mallumo.	Por favor, não beep sua buzina depois de escurecer.	Proszę nie beep swój róg po zmroku.	Пожалуйста, не подают звуковой сигнала звукового сигнала после наступления темноты.	Gelieve niet uw hoorn piep in het donker.	Si prega di non suonerà il clacson dopo il tramonto.
Yuk! That cheese stinks.	Yuk! Das Käse stinkt.	Puaj! Que el queso huele mal.	Yuk! Ce fromage pue.	Yuk! Tiu fromaĝo malbonodoras.	Yuk! Que o queijo fede.	Fuj! Że ser śmierdzi.	Юк! Это сыр воняет.	Yuk! Dat kaas stinkt.	Che schiffo! Questo formaggio puzza.
The dog sniffed the air; he could smell meat.	Der Hund schnüffelte; er konnte riechen Fleisch.	El perro olfateó el aire; que podía oler la carne.	Le chien a reniflé l'air; il pouvait sentir la viande.	La hundo snufis la aeron; Li povis flari viando.	O cão farejou o ar; ele podia sentir o cheiro de carne.	Pies nosem powietrza; czuł zapach mięsa.	Собака понюхала воздух; он чувствовал запах мяса.	De hond snoof de lucht; hij vlees kon ruiken.	Il cane annusò l'aria; egli sentiva l'odore di carne.
The pig squealed.	Das Schwein quiekte.	El cerdo chilló.	Le cochon glapit.	La porko kriĉis.	O porco gritou.	Świnia squealed.	Свинья визжала.	Het varken squealed.	Il maiale strillò.
I love the crunchy texture of fresh lettuce.	Ich liebe die knusprige Textur von frischem Salat.	Me encanta la textura crujiente de lechuga fresca.	J'aime la texture croquante de laitue fraîche.	Mi amas la crujiente teksturo de freŝa laktuko.	Eu amo a textura crocante de alface fresca.	Uwielbiam chrupiącą teksturę świeżej sałaty.	Я люблю хрустящую текстуру свежего салата.	Ik hou van de knapperige textuur van verse sla.	Amo la consistenza croccante di lattuga fresca.
I couldn’t sleep. All I could hear was the drip, drip, drip of the faulty faucet.	Ich konnte nicht schlafen. Alles, was ich war der Tropf, Tropf, Tropf des defekten Wasserhahn hören konnte.	No podía dormir. Todo lo que podía oír era el goteo, goteo, goteo del grifo defectuoso.	Je ne pouvais pas dormir. Tout ce que je pouvais entendre était le goutte à goutte, goutte à goutte, goutte à goutte du robinet défectueux.	Mi ne povis dormi. Mi nur povis aŭdi estis la gutado, gutado, gutado de la misa krano.	Eu não conseguia dormir. Tudo que eu podia ouvir era o gotejamento, gotejamento, gotejamento da torneira defeituosa.	Nie mogłem spać. Słyszałem był kap, kap, kap z uszkodzonego kranu.	Я не мог спать. Все, что я мог услышать, было капельное, капельное, капельное неисправного крана.	Ik kon niet slapen. Alles wat ik kon horen was de drup, drup, drup van de defecte kraan.	Non riuscivo a dormire. Tutto quello che potevo sentire era la goccia, a goccia, a goccia del rubinetto difettoso.
Baa, baa whaled the sheep as the rain began to pour.	Baa, baa whaled die Schafe als der regen zu gießen begann.	Baa, baa whaled las ovejas como la lluvia comenzó a caer.	Baa, baa whaled les brebis comme la pluie a commencé à verser.	Baa, BAA whaled la ŝafojn kiel la pluvo komencis verŝi.	Baa, baa whaled as ovelhas como a chuva começou a cair.	Baa, baa whaled owce jak deszcz zaczął lać.	Баа, бея whaled овец, как дождь полил.	Baa, baa walvisthema de schapen als de regen begon te gieten.	Baa, Baa whaled le pecore, come la pioggia ha cominciato a versare.
I snapped my fingers in time to the beat of the music.	Ich schnappte mir die Finger in der Zeit im Takt der Musik.	Chasqueé dedos en el tiempo al ritmo de la música.	Je cassé mes doigts dans le temps au rythme de la musique.	Mi klakis miaj fingroj ĝustatempe al la cirkelo de la muziko.	Eu bati meus dedos no tempo para a batida da música.	I rzucił palce w czasie w rytm muzyki.	Я щелкнул пальцами в такт в такт музыке.	Ik brak mijn vingers in de tijd naar de beat van de muziek.	Ho scattato le mie dita nel tempo al ritmo della musica.
I didn’t see the warning sign and bumped my head on the low doorframe.	Ich habe die Warnzeichen nicht und stieß meinen Kopf auf dem niedrigen Türrahmen.	No vi la señal de advertencia y golpeé la cabeza contra el marco de la puerta baja.	Je ne vois pas le signe d'avertissement et cogné la tête sur le bas chambranle.	Mi ne vidis la averto signo kaj frapis mian kapon sur la malaltaj DoorFrame.	Eu não vi o sinal de alerta e bateu a cabeça no batente da porta baixa.	Nie widziałem znak ostrzegawczy i wpadł głową o niskiej ościeżnicy.	Я не видел предупреждающий знак и врезался головой о низком дверному проему.	Ik heb niet het waarschuwingsbord en stootte mijn hoofd op de lage deurpost.	Non ho visto il segnale di avvertimento e sbattuto la testa sul basso stipite della porta.
The loud boom of the fireworks scared the dog.	Der laute Boom des Feuerwerkes erschrecken den Hund.	La fuerte explosión de los fuegos artificiales miedo al perro.	Le boum des feux d'artifice peur du chien.	La laŭta eksplodo de la fajraĵoj timigis la hundo.	O estrondo dos fogos de artifício assustou o cão.	Głośny huk fajerwerków przestraszony pies.	Громкий бум фейерверк испугал собаку.	De luide boom van het vuurwerk bang van de hond.	Il boom forte dei fuochi d'artificio spaventato il cane.
The bird fluttered his wings and flew from the cage.	Der Vogel flatterte seine Flügel und flog aus dem Käfig.	El pájaro aleteó sus alas y voló de la jaula.	L'oiseau agita ses ailes et a volé de la cage.	La birdo flirtigis siajn flugilojn kaj flugis el la kaĝo.	O pássaro sacudiu suas asas e voou da gaiola.	Ptak zatrzepotał skrzydłami i poleciał z klatki.	Птица захлопал крыльями и улетела из клетки.	De vogel fladderde zijn vleugels en vloog uit de kooi.	L'uccello agitò le sue ali e volò dalla gabbia.
Yikes! That was a close shave.	Huch! Das war eine gründliche Rasur.	Uff! Eso fue un afeitado apurado.	Aïe! C'était un rasage de près.	Yikes! Tio estis proksima razado.	Caramba! Isso foi um barbear mais rente.	To jest to! To było dokładne golenie.	Хлоп! Это было чистое бритье.	Yikes! Dat was een gladde scheerbeurt.	Yikes! Quella era una rasatura.
I was awoken with a start with the loud bleep of my alarm clock.	Ich war mit einem Start mit dem lauten Piepsen meines Weckers aufgeweckt.	Me despertó con un sobresalto con el fuerte pitido de la alarma de mi reloj.	Je suis réveillé en sursaut avec le bip fort de mon réveil.	Mi estis vekita kun eksalto kun la laŭta Bleep de mia vekhorloĝo.	I foi acordado com um começo com o bleep alto do meu despertador.	I obudził się nagle z głośnym bleep mojego budzika.	Я был разбужен с началом с громким звуковым сигналом моего будильника.	Ik werd wakker met een begin gemaakt met de luide pieptoon van mijn wekker.	Sono stato svegliato di soprassalto con il segnale acustico ad alto volume della mia sveglia.
The cat purred as I gently stroked his fur.	Die Katze schnurrte wie ich sanft sein Fell streichelte.	El gato ronroneó mientras acariciaba suavemente su piel.	Le chat ronronne comme je caressai doucement sa fourrure.	La kato ronronis kiel mi milde karesis lian felon.	O gato ronronou como eu gentilmente acariciou seu pêlo.	Kot zamruczał jak delikatnie pogładził futro.	Кот мурлыкал, как я нежно гладил его мех.	De kat spinde als ik zachtjes zijn vacht streelde.	Il gatto faceva le fusa come ho gentilmente accarezzato il pelo.
The magician waved his wand and poof, a rabbit appeared.	Der Zauberer schwang seinen Zauberstab und puh, ein Kaninchen erschienen.	El mago agitó su varita y zas, apareció un conejo.	Le magicien agita sa baguette et hop, est apparu un lapin.	La magiisto svingis sian sceptron kaj Poof, kuniklo aperis.	O mago acenou com a varinha e poof, um coelho apareceu.	Mag machnął różdżką i puf, pojawił się królik.	Волшебник взмахнул палочкой и пуф, появился кролик.	De tovenaar zwaaide met zijn staf en poef, verscheen een konijn.	Il mago agitò la bacchetta e puf, un coniglio apparso.
The blinds rattled as the wind grew fiercer.	Die Jalousien, wie der Wind verunsichert wuchs verschärften.	Las persianas sonaron como el viento se hizo más intensa.	Les stores crépitaient comme le vent a augmenté plus féroce.	La rulkurtenoj klakadis kiel la vento fariĝis pli obstinaj.	As persianas sacudiram como o vento ficou mais acirrada.	Rolety brzęczały jak wiatr coraz ostrzejsza.	Шторки гремели, как ветер выросли ожесточеннее.	De blinds rammelde als de wind groeide heviger.	Le tende tintinnavano mentre il vento è cresciuto più agguerrita.
The robbers’ car screeched around the corner as they attempted to escape the police.	Das Auto kreischte Räuber um die Ecke, als sie die Polizei zu entkommen versucht.	coche de los ladrones chilló vuelta de la esquina en su intento de escapar de la policía.	La voiture des voleurs grinça autour du coin alors qu'ils tentaient d'échapper à la police.	La rabistoj 'aŭto kriegis ĉirkaŭ la angulo dum ili provis eskapi la polico.	O carro dos ladrões gritou ao virar da esquina, quando tentavam escapar da polícia.	samochód rabusiów piskiem rogiem jak próbowali uciec policji.	Автомобиль грабителей визжали вокруг угла, как они пытались бежать в полицию.	de auto van de overvallers krijste om de hoek omdat ze geprobeerd om de politie te ontsnappen.	auto dei ladri strillò dietro l'angolo, mentre cercavano di sfuggire alla polizia.
I couldn’t wait to escape the cold and sit by a warm, crackling fire.	Ich konnte nicht die Kälte zu entfliehen warten und von einem warmen, knisternden Feuer sitzt.	No podía esperar para escapar del frío y sentarse por un fuego caliente, chisporroteo.	Je ne pouvais pas attendre pour échapper au froid et asseyez-vous par un bon feu, crépitant.	Mi ne povis atendi por eskapi la malvarma kaj sidu per varma, kraketado fajro.	Eu não podia esperar para escapar do frio e sentar-se por um fogo quente, crepitante.	Nie mogłem się doczekać, aby uciec od zimna i usiąść przy ciepłym, trzaskającym ogniem.	Я не мог ждать, чтобы избежать холодов и сидеть в теплом, потрескивающем огне.	Ik kon niet wachten om de kou te ontsnappen en zitten door een warme, knapperend haardvuur.	Non vedevo l'ora per sfuggire al freddo e sedersi da un caldo, fuoco scoppiettante.
The lion let out a loud roar as the ringmaster cracked his whip.	Der Löwe ließ ein lautes Gebrüll wie der Zirkusdirektor seine Peitsche knallte.	El león dejó escapar un rugido como el maestro de ceremonias agrietado su látigo.	Le lion poussa un hurlement fort que le dompteur fit claquer son fouet.	La leono luigos laŭta muĝo kiel la Ringmaster svingis la vipon.	O leão soltou um rugido alto como o ringmaster estalou o chicote.	Lew niech się głośny ryk jako konferansjer pęknięty batem.	Лев издал громкий рев, как манеж взмахнул кнут.	De leeuw liet een luid gebulder als spreekstalmeester zijn zweep gekraakt.	Il leone emise un ruggito forte come il direttore del circo incrinato la frusta.
The steaks sizzled on the barbeque.	Die Steaks brutzelten auf dem Grill.	Los filetes crepitaban en la barbacoa.	Les steaks grésillaient sur le barbecue.	La bifstekoj sizzled en barbeque.	Os bifes chiaram no churrasco.	Steki sizzled na grilla.	Стейки шипела на барбекью.	De steaks sizzled op de barbecue.	Le bistecche sfrigolavano sul barbecue.
We clapped our hands it time with the music.	Wir klatschten unsere Hände, um es mit der Musik.	Aplaudimos nuestro tiempo lo pasa con la música.	Nous applaudissions nos mains ce temps avec la musique.	Ni aplaŭdis niaj manoj gxin tempon kun la muziko.	Nós bateu nossas mãos que tempo com a música.	Mamy klasnął w ręce nasz czas go z muzyką.	Мы хлопали наше время руки его с музыкой.	We klapten onze handen het tijd met de muziek.	Abbiamo applaudito il nostro tempo le mani con la musica.
The dog barked as the postman approached the gate.	Der Hund bellte wie der Postbote das Tor näherte.	El perro ladró como el cartero se acercó a la puerta.	Le chien a aboyé comme le facteur approché de la porte.	La hundo bojis al la leterportisto alproksimiĝis al la pordego.	O cachorro latiu como o carteiro se aproximou do portão.	Pies szczekał jak listonosz zbliżył się do bramy.	Залаяла собака, как почтальон подошел к воротам.	De hond blafte als de postbode naderde de poort.	Il cane abbaiava come il postino si avvicinava al cancello.
The mud bubbled on the surface of the bog.	Der Schlamm sprudelte auf der Oberfläche des Moores.	El lodo burbujea en la superficie de la ciénaga.	La boue barboter sur la surface de la tourbière.	La koto bobelis sur la surfaco de la marĉo.	A lama borbulhava na superfície do pântano.	Błoto pęcherzykami na powierzchni torfowiska.	Грязь барботирует на поверхности болота.	De modder borrelde op het oppervlak van het moeras.	Il fango gorgogliare sulla superficie della palude.
The girl screamed: “Eek!” as the mouse ran from under her bed.	Das Mädchen schrie: „Eek!“, Wie die Maus unter ihrem Bett lief.	La chica gritó: “Eek!”, Como el ratón corrió por debajo de su cama.	La jeune fille a crié: « Eek! » Que la souris a couru sous son lit.	La knabino kriis: "Eek!" Kiel la muso kuris el sub ŝia lito.	A menina gritou: “Eek!”, Como o rato correu debaixo de sua cama.	Dziewczyna krzyknęła: „Eek” jak mysz uciekła spod łóżka.	Девушка закричала: «Ик!», Как мышь побежала из-под кровати.	Het meisje schreeuwde: “Eek!” Als de muis liep van onder haar bed.	La ragazza gridò: “Eek!”, Come il topo correva da sotto il letto.
The bells of the church clanged to announce the start of the service.	Die Glocken der Kirche läuteten den Beginn des Dienstes bekannt zu geben.	Las campanas de la iglesia sonaron para anunciar el comienzo del servicio.	Les cloches de l'église résonnaient d'annoncer le début du service.	La sonoriloj de la preĝejo batfermiĝis anonci la komencon de la servo.	Os sinos da igreja soou para anunciar o início do serviço.	Dzwony kościoła szczękiem ogłosić rozpoczęcie usługi.	Колокола церкви лязг, чтобы объявить о начале службы.	De klokken van de kerk kletterde naar het begin van de dienst aan te kondigen.	Le campane della chiesa risuonavano per annunciare l'inizio del servizio.
He fell off the slide and landed on the floor with a thump.	Er fiel den Schieber und landete auf dem Boden mit einem dumpfen Schlag aus.	Se cayó de la corredera y aterrizó en el suelo con un ruido sordo.	Il est tombé de la lame et a atterri sur le sol avec un bruit sourd.	Li falis de la slide kaj alteriĝis sur la plankon kun frapo.	Ele caiu fora do slide e caiu no chão com um baque.	Spadł poślizg i wylądował na podłodze z hukiem.	Он упал слайд и приземлился на пол с глухим стуком.	Hij viel van de glijbaan en landde op de vloer met een dreun.	È caduto dal vetrino ed è atterrato sul pavimento con un tonfo.
The ball whizzed past my ear and into the catcher’s mitt.	Der Ball sauste an meinem Ohr vorbei und in den Fanghandschuh.	La pelota pasó rozando mi oreja y en el guante del receptor.	La balle siffla mon oreille et dans la mitaine du receveur.	La pilko whizzed pasinteco mian orelon kaj en la ricevilo la mitt.	A bola passou zunindo por minha orelha e na luva do apanhador.	Piłka śmignęła obok mojego ucha i do rękawicy łapacza.	Мяч просвистел мимо моего уха и в рукавицу ловителя.	De bal zoefde langs mijn oor en in mitt van de vanger.	La palla sfrecciò oltre il mio orecchio e nel guanto del ricevitore.
Shh! No talking in the library please.	Shh! Kein Gespräch in der Bibliothek bitte.	Shh! No se permite hablar en la biblioteca por favor.	Chut! On ne parle pas dans la bibliothèque s'il vous plaît.	Shh! Neniu parolis en la biblioteko bonvolu.	Shh! Sem falar na biblioteca por favor.	Ciii! Nie mówi w bibliotece proszę.	Тсс! Нет, говорят в библиотеке, пожалуйста.	Shh! Niet praten in de bibliotheek kunt u.	Shh! Non si parla nella libreria per favore.
The train made a choo-choo sound and smoke billowed from its chimney.	Der Zug machte einen Tschu-Tschu-Sound und Rauch wogte aus seinem Schornstein.	El tren hizo un sonido chu-chu y el humo se elevaba desde su chimenea.	Le train a fait un bruit choo-choo et la fumée faisait rage dans sa cheminée.	La trajno faris choo-choo sono kaj fumi ondiĝu de ĝia kamentubo.	O trem fez um som Choo-Choo e fumaça subia de sua chaminé.	Pociąg wydał dźwięk ciuchcia i dymu z komina kłęby.	Поезд сделал чу-чу звук и дым валил из его трубы.	De trein maakte een treintje geluid en rook kolkte uit de schoorsteen.	Il treno fece un suono choo-choo e fumo gonfiava dal suo camino.
I heard a knock at the door.	Ich hörte ein Klopfen an der Tür.	Oí un golpe en la puerta.	J'ai entendu frapper à la porte.	Mi aŭdis frapon sur la pordon.	Eu ouvi uma batida na porta.	Usłyszałem pukanie do drzwi.	Я услышал стук в дверь.	Ik hoorde een klop op de deur.	Ho sentito bussare alla porta.
He murmured the words, “I’m sorry,” but I didn’t believe he really was.	Er murmelte die Worte: „Es tut mir leid,“ aber ich habe nicht glauben, dass er wirklich war.	Murmuró las palabras, “Lo siento,” pero yo no creía que era en realidad.	Il murmura les mots: « Je suis désolé », mais je ne croyais pas qu'il était vraiment.	Li murmuris la vortojn: "Mi bedaŭras," sed mi ne kredas, ke li vere estis.	Ele murmurou as palavras, “eu sinto muito”, mas eu não acredito que ele realmente era.	Wymamrotał słowa „przepraszam”, ale nie wierzę, że naprawdę było.	Он пробормотал слова, «Я извиняюсь», но я не верю, что он на самом деле.	Hij mompelde de woorden: “Het spijt me,” maar ik geloofde niet dat hij echt was.	Mormorò le parole, “Mi dispiace”, ma non credevo fosse veramente.
The machine whirred to a standstill.	Die Maschine surrte zum Stillstand.	La máquina zumbó a un punto muerto.	La machine ronronnait à l'arrêt.	La maŝino whirred al senmova.	A máquina zumbiu a uma paralisação.	Maszyna whirred w martwym punkcie.	Машина жужжали в тупик.	De machine snorde tot stilstand.	La macchina ronzava a un punto morto.
He slashed his ex-girlfriend’s tires and felt a strong surge of guilt.	Er senkte seine Ex-Freundin Reifen und spürte einen starken Anstieg der Schuld.	Recortó los neumáticos de su ex novia y sintió una fuerte oleada de culpabilidad.	Il tailladé les pneus de son ex-petite amie et a senti une forte poussée de culpabilité.	Li tranĉis lia eks fianĉino de pneŭoj kaj sentis fortan ondadon de kulpo.	Ele cortou os pneus de sua ex-namorada e sentiu uma forte onda de culpa.	Ciął opony jego byłą dziewczyną i poczuł silny przypływ winy.	Он полоснул шины своей бывшей подруги и почувствовал сильный прилив вины.	Hij sneed de banden van zijn ex-vriendin en voelde een sterke stijging van de schuld.	Ha tagliato le gomme della sua ex-fidanzata e sentì una forte ondata di colpa.
Tsk,tsk,tsk, you really shouldn’t be eating in class.	Tsk, tsk, tsk, sollten Sie wirklich nicht in der Klasse zu essen sein.	Tsk, tsk, tsk, que realmente no debería ser comer en clase.	Tss, tss, tss, vous devriez vraiment pas manger en classe.	Tsk, tsk, tsk, vi vere ne devus esti manĝante en klaso.	Tsk, tsk, tsk, você realmente não deveria estar comendo na sala de aula.	Tsk, tsk, tsk, naprawdę nie powinno być jedzenie w klasie.	Ай, яй, яй, вы действительно не должны быть есть в классе.	Tsk, tsk, tsk, je moet echt niet te eten in de klas.	Tsk, tsk, tsk, davvero non dovrebbe essere mangiare in classe.
I trembled as the door slowly creaked open.	Ich zitterte, als sich die Tür langsam geöffnet knarrte.	Temblé cuando la puerta se abrió lentamente.	Je tremblais comme la porte grinça lentement ouverte.	Mi tremis kiel la pordo malrapide knaris malfermita.	Eu tremi quando a porta se abriu lentamente.	Drżałem jak powoli drzwi zaskrzypiały otwarte.	Я дрожал, как дверь медленно скрипнула.	Ik beefde toen de deur voorzichtig open kraakte.	Tremavo come la porta si apre lentamente.
The owl hooted.	Die Eule heulte.	La lechuza ululó.	Le hibou hua.	La strigo hooted.	A coruja piou.	Sowa gwizdali.	Сова гудели.	De uil kraste.	Il gufo stridette.
Is there a possibility that this year we will hear the pitter-patter of tiny feet?	Gibt es eine Möglichkeit, dass wir in diesem Jahr das Trippeln winziger Füße hören?	¿Existe la posibilidad de que este año vamos a oír el repiqueteo de pies pequeños?	Est-il possible que cette année, nous allons entendre le crépitement des petits pieds?	Ĉu ekzistas ebleco ke ĉi tiu jaro ni auxskultos la Pitter-frapetado de piedetoj?	Existe uma possibilidade de que este ano vamos ouvir o tamborilar de pés minúsculos?	Czy istnieje możliwość, że w tym roku będziemy słyszeć bębnienia maleńkich stóp?	Есть ли вероятность того, что в этом году мы услышим барабанить крошечных ног?	Is er een mogelijkheid dat dit jaar zullen we het gespetter van kleine voetjes horen?	C'è una possibilità che quest'anno sentiremo il Pitter-scalpiccio di piccoli piedi?
The dog splashed around in the water, he was clearly having a lot of fun.	Der Hund spritzte im Wasser herum, er war eindeutig eine Menge Spaß zu haben.	El perro salpicó en el agua, que estaba teniendo claramente un montón de diversión.	Le chien éclaboussé autour de l'eau, qu'il avait clairement beaucoup de plaisir.	La hundo plaŭdis ĉirkaŭ en la akvo, li estis klare havi multe da amuzo.	O cão espirrou em torno da água, ele foi claramente ter um monte de diversão.	Pies dostanie się w wodzie, został on wyraźnie o wiele zabawy.	Собака плескалась в воде, он явно имея массу удовольствия.	De hond spatte rond in het water, hij was duidelijk met veel plezier.	Il cane schizzato giro per l'acqua, era chiaramente avendo un sacco di divertimento.
I listened to the rustle of the leaves in the trees and I knew autumn had arrived.	Ich hörte das Rascheln der Blätter in den Bäumen, und ich wusste Herbst angekommen war.	Escuché el susurro de las hojas en los árboles y sabía que había llegado el otoño.	J'ai écouté le bruissement des feuilles dans les arbres et je savais que l'automne était arrivé.	Mi aŭskultis la susuro de la folioj en la arboj kaj mi sciis aŭtuno alvenis.	Eu escutei o farfalhar das folhas nas árvores e eu sabia outono tinha chegado.	Słuchałam szelestu liści na drzewach i wiedziałem jesień przybył.	Я слушал шелест листьев на деревьях, и я знал, что осень пришла.	Ik luisterde naar het ruisen van de bladeren in de bomen en ik wist dat de herfst was aangekomen.	Ho ascoltato il fruscio delle foglie sugli alberi e sapevo autunno era arrivato.
The old man hummed his favorite tune and the passers-by smiled.	Der alte Mann summte seine Lieblingsmelodie und die Passanten lächelten.	El anciano tarareaba su canción favorita y los transeúntes se sonrió.	Le vieil homme fredonnait sa chanson préférée et les passants sourit.	La maljunulo zumis liaj preferataj melodio kaj la preterpasantoj ridetis.	O velho cantarolou sua música favorita e os transeuntes sorriu.	Starzec nucił swoją ulubioną melodię i przechodniów uśmiechnął.	Старик напевал свою любимую мелодию и прохожие улыбались.	De oude man neuriede zijn favoriete nummer en de voorbijgangers glimlachte.	Il vecchio canticchiava la sua canzone preferita e il passanti sorrise.
Swoosh, the basketball flew smoothly through the net and the game was won.	Swoosh, flog der Basketball glatt durch das Netz und das Spiel gewonnen wurde.	Swoosh, el baloncesto voló suavemente a través de la red y el juego fue ganado.	Bruissement, le basket-ball a volé en douceur à travers le filet et le jeu a été gagné.	Swoosh, la basketbalo flugis glate tra la reto kaj la ludo estis gajnis.	Swoosh, o basquete voou sem problemas através da rede e o jogo foi ganho.	Szum, koszykówka leciał gładko przez net i gra została wygrana.	Swoosh, баскетбол летел ровно через сетку, и игра была выиграна.	Swoosh, het basketbal vloog soepel door het net en het spel werd gewonnen.	Swoosh, il basket ha volato senza problemi attraverso la rete e la partita è stata vinta.
Clang, clang went the bell, reminding us all that it was time for school.	Clang, ging Klappern der Glocke, uns alle daran erinnern, dass es Zeit für die Schule war.	Clang, clang fue la campana, recordándonos a todos que era el momento para la escuela.	Clang, clang a la cloche, nous rappelant tout ce qu'il était temps pour l'école.	Clang, tin iris la sonorilon, memorigis nin ĉiujn ke estis tempo por lernejo.	Clang, clang foi o sino, lembrando-nos tudo o que estava na hora de escola.	Dzyń, dzyń poszedł dzwonek, przypominając nam wszystkim, że nadszedł czas do szkoły.	Clang, лязг пошел колокол, напоминая всем нам, что пришло время для школы.	Clang, Clang ging de bel, herinneren ons allemaal dat het tijd voor school was.	Clang, clang è andato il campanello, ricordandoci tutti che era il momento per la scuola.
Ding, dong, there was someone at the door.	Ding, dong, war es jemand an der Tür.	Ding, dong, había alguien en la puerta.	Ding, dong, il y avait quelqu'un à la porte.	Ding, dong, ekzistis iu ĉe la pordo.	Ding, dong, havia alguém na porta.	Ding, dong, był ktoś w drzwi.	Дин, дон, там был кто-то в дверь.	Ding, dong, was er iemand aan de deur.	Ding, dong, c'era qualcuno alla porta.
Don’t forget to flush the toilet before leaving the bathroom.	Vergessen Sie nicht, auf die Toilette zu spülen, bevor das Bad zu verlassen.	No se olvide de tirar de la cadena antes de salir del cuarto de baño.	Ne pas oublier de rincer les toilettes avant de quitter la salle de bain.	Ne forgesu kaŝus la necesejo antaŭ forlasi la banĉambro.	Não se esqueça de lavar o banheiro antes de sair da casa de banho.	Nie zapomnij do spłukiwania toalety przed wyjściem z łazienki.	Не забудьте спустить воду в туалете, прежде чем покинуть комнату.	Vergeet niet om het toilet door te spoelen voor het verlaten van de badkamer.	Non dimenticare di tirare l'acqua prima di lasciare la stanza da bagno.
Whoop, whoop! The gorgeous girl at the cinema gave me her phone number.	Whoop, Whoop! Das wunderschöne Mädchen im Kino gab mir ihre Telefonnummer.	Chillido, chillido! La chica hermosa en el cine me dio su número de teléfono.	Whoop Whoop! La jeune fille magnifique au cinéma m'a donné son numéro de téléphone.	Whoop, Whoop! La belegan knabinon ĉe la kinejo donis al mi sian telefonnumeron.	Whoop, whoop! A menina lindo no cinema me deu seu número de telefone.	Whoop whoop! Wspaniała dziewczyna w kinie dał mi swój numer telefonu.	Whoop, буянить! Великолепная девушка в кино дала мне свой номер телефона.	Whoop Whoop! De prachtige meisje in de bioscoop gaf me haar telefoonnummer.	Whoop, whoop! La splendida ragazza al cinema mi ha dato il suo numero di telefono.
Ugh, that cough syrup tastes disgusting.	Ugh, dass Hustensaft schmeckt ekelhaft.	Uf, jarabe para la tos que tiene un sabor desagradable.	Ugh, ce sirop contre la toux goût écoeurant.	Hu, ke tuso siropo gustas naŭza.	Ugh, que xarope para a tosse tem um gosto nojento.	Fuj, że kaszel syrop smakuje obrzydliwe.	Тьфу, что сироп от кашля на вкус отвратительный.	Ugh, dat hoestsiroop smaakt walgelijk.	Ugh, che sciroppo per la tosse ha un sapore disgustoso.
Phew! I only just made it on time.	Puh! Ich habe nur gerade auf Zeit gemacht.	¡Uf! Yo sólo acaba de hacer a tiempo.	Phew! Je ne l'ai fait juste à temps.	Phew! Mi nur ĵus faris ĝin ĝustatempe.	Ufa! I apenas fez no tempo.	Uff! I tylko po prostu się go na czas.	Уф! Я только сделал это вовремя.	Phew! Ik heb alleen maar maakte het op tijd.	Accidenti! Ho appena fatto in tempo.
I know when the teacher is approaching because I can hear the jangle of her bracelets.	Ich weiß, wenn der Lehrer nähert, weil ich das Klirren ihrer Armbänder hören kann.	Sé que cuando el maestro se acerca porque puedo oír el tintineo de sus pulseras.	Je sais que lorsque l'enseignant approche parce que je peux entendre le tintement de ses bracelets.	Mi scias, kiam la instruisto alproksimiĝas ĉar mi povas aŭdi la jangle ŝia braceletoj.	Eu sei que quando o professor está se aproximando porque eu posso ouvir o tilintar de suas pulseiras.	Wiem, kiedy zbliża się nauczyciel, bo słyszę brzęk jej bransoletki.	Я знаю, что, когда учитель приближается, потому что я могу услышать звон браслетов.	Ik weet wanneer de leraar nadert, omdat ik het gerinkel van haar armbanden kan horen.	So che quando l'insegnante si avvicina perché posso sentire il tintinnio dei suoi braccialetti.
Huh? Could you speak up please?	Huh? Könnten Sie sprechen bitte?	Eh? ¿Podrías hablar más alto por favor?	Huh? Pourriez-vous parler s'il vous plaît?	Huh? Ĉu vi povus paroli supren bonvolu?	Hã? Você poderia falar mais alto, por favor?	Huh? Mógłbyś mówić proszę?	А? Не могли бы вы говорить пожалуйста?	Huh? Kun je spreken up please?	Eh? Potrebbe parlare per favore?
If we all help, the house will be clean faster than you can click your fingers.	Wenn wir alle helfen, wird das Haus sauber schneller sein, als Sie Ihre Finger klicken.	Si todos ayudamos, la casa estará limpia más rápido que puede hacer clic en los dedos.	Si nous aidons, la maison sera propre plus vite que vous pouvez cliquer sur vos doigts.	Se ni ĉiuj helpas, la domo estos pura rapide ol vi povas klaki vian fingroj.	Se todos nós ajudarmos, a casa será limpa mais rápido do que você pode clicar em seus dedos.	Jeśli wszyscy pomóc, dom będzie czysty szybciej niż można kliknąć palcami.	Если мы все помочь, дом будет чистым быстрее, чем вы можете щелкнуть пальцами.	Als we allemaal helpen, zal het huis schoon zijn sneller dan je je vingers kunt klikken.	Se tutti noi aiutiamo, la casa sarà pulita più velocemente di quanto è possibile fare clic le dita.
Scrooge is famous for saying: “Bah, hum bug.”	Scrooge ist berühmt für die Worte: „Bah, hum bug“	Scrooge es famoso por decir: “Bah, insecto del ronquido.”	Scrooge est célèbre pour avoir dit: « Bah, bug hum. »	Scrooge estas fama por diri: "Ba, zumado cimon."	Scrooge é famoso por dizer: “Bah, erro hum”	Scrooge jest znane powiedzenie: „Ba, hum błąd”	Скрудж известен высказывание: «Ба, гул ошибки.»	Scrooge is beroemd om te zeggen: “Bah, hum bug”	Scrooge è famosa per aver detto: “Bah, bug hum”
I dropped the medicine into the glass and it fizzled until it dissolved.	Ich ließ das Medikament in das Glas und es im Sande verlaufen, bis es gelöst ist.	Se me cayó el medicamento en el vaso y se desinfló hasta que se disolvió.	Je laissai tomber le médicament dans le verre et il fait long feu jusqu'à dissolution.	Mi faligis la medicinon en la glason kaj fizzled ĝis ĝi solvis.	Larguei o medicamento no copo e ele fracassou até que dissolvido.	Rzuciłem leku do szkła i fizzled aż się rozpuści.	Я бросил медицину в стакан и он сошел с дистанции, пока он не растворится.	Ik liet het medicijn in het glas en het nachtkaars totdat het opgelost.	Ho lasciato cadere la medicina nel bicchiere e fizzled fino a quando non sciolto.
Ouch! You just stepped on my toe.	Autsch! Sie trat gerade auf dem Fuß.	¡Ay! Usted acaba de caminar en el dedo del pie.	Aie! Vous venez sur mon orteil fait un pas.	Aj! Vi nur elpaŝis sur mia piedfingro.	Ouch! Você apenas pisou no meu pé.	Ała! Po prostu wszedł na moim palcu.	Ой! Вы только что наступил мне на ноги.	Ouch! Je hoeft alleen stapte op mijn teen.	Ahia! È appena messo piede sul mio dito del piede.
I had second thoughts about visiting Joe when his dog started to growl at me.	Ich hatte zweite Gedanken über Joe besuchen, wenn sein Hund auf mich knurren begann.	Tenía dudas sobre visitar Joe cuando su perro empezó a gruñir a mí.	J'ai eu des doutes au sujet de visiter Joe quand son chien a commencé à gronder à moi.	Mi havis duan pensoj pri vizitante Joe kiam lia hundo komencis grumbli kontraux mi.	Eu tinha dúvidas sobre visitar Joe quando seu cão começou a rosnar para mim.	Miałem wątpliwości co odwiedzenie Joe, kiedy jego pies zaczął warczeć na mnie.	Я имел вторую мысль о посещении Джо, когда его собака начала рычать на меня.	Ik had tweede gedachten over het bezoeken van Joe toen zijn hond begon te grommen naar me.	Ho avuto ripensamenti sulla visita Joe quando il suo cane cominciò a ringhiare contro di me.
The twang of the banjo string hurt my ears.	Das Schwirren des Banjo String meiner Ohren weh tun.	El acento de la cadena banjo daño a mis oídos.	Le twang de la chaîne de banjo mal mes oreilles.	La Twang de la banĝo kordo doloris miaj oreloj.	O sotaque da string banjo ferir os meus ouvidos.	Brzdęk struny banjo rani moje uszy.	Бренчать струны банджо больно мои уши.	De twang van de banjo snaar pijn aan mijn oren.	Il suono metallico della stringa banjo male le mie orecchie.
Ahem! I can hear everything you are saying about me.	Hm! Ich kann alles, was Sie sagen, über mich hören.	¡Ejem! Puedo escuchar todo lo que está diciendo acerca de mí.	Ahem! Je peux entendre tout ce que vous dites sur moi.	Hm Mi povas aŭdi ĉion kion vi diras pri mi.	Ahem! Eu posso ouvir tudo o que estão dizendo sobre mim.	Hm! Słyszę wszystko, co mówią o mnie.	Гм! Я могу слышать все, что вы говорите обо мне.	Ahum! Ik kan alles wat je zegt over mij te horen.	Ahem! Posso sentire tutto quello che hanno da dire su di me.
Please whisper while you are in the library.	Bitte flüstern, während Sie in der Bibliothek sind.	Por favor susurro mientras está en la biblioteca.	S'il vous plaît chuchoter pendant que vous êtes dans la bibliothèque.	Bonvolu flustri dum vi estas en la biblioteko.	Por favor, sussurrar, enquanto você está na biblioteca.	Proszę szeptem, gdy jesteś w bibliotece.	Пожалуйста, шептать, пока вы находитесь в библиотеке.	Gelieve te fluisteren terwijl u in de bibliotheek.	Si prega di sussurrare mentre si è nella biblioteca.
I gurgled the mouthwash as the dentist had instructed.	Ich gurgelte das Mundwasser als der Zahnarzt angewiesen hatte.	Me gorgoteó el enjuague bucal como el dentista había indicado.	Je gargouillait le rince-bouche que le dentiste avait demandé.	Mi guglis la enjuague buŝa kiel la dentisto estis instruita.	I borbulhava o enxaguatório como o dentista havia instruído.	I bulgotała do płukania jamy ustnej jako lekarz polecił.	Я клокотал в жидкость для полоскания рта, как стоматолог проинструктировал.	Ik klokte de mondwater als de tandarts had opgedragen.	Ho gorgogliava il colluttorio come il dentista aveva ordinato.
I could hear the dog whine as I closed the door and I felt terribly guilty about leaving him on his own.	Ich konnte den Hund jammern hören, als ich die Tür geschlossen und ich fühlte mich schrecklich schuldig, ihn auf seinem eigenen zu verlassen.	Podía oír el zumbido perro mientras cerraba la puerta y me sentí terriblemente culpable por dejarlo por su cuenta.	Je pouvais entendre le sifflement de chien que je fermais la porte et je me sentais terriblement coupable de le laisser seul.	Mi povis aŭdi la hundo chillido kiel mi fermis la pordon kaj mi sentis terure kulpa lasante lin sur lia propra.	Eu podia ouvir a lamentação cão como eu fechei a porta e me senti terrivelmente culpada por deixá-lo sozinho.	Słyszałem wycie psa jako Zamknąłem drzwi i czułem się strasznie winny pozostawiając go na własną rękę.	Я мог слышать собачий визг, как я закрыл дверь, и я чувствовал себя ужасно виноватой, оставив его самостоятельно.	Ik kon de hond janken hoor ik de deur dicht en ik voelde me vreselijk schuldig over het verlaten van hem op zijn eigen.	Potevo sentire il lamento cane come ho chiuso la porta e mi sono sentito terribilmente in colpa per averlo lasciato da solo.
You scared me when you shouted, “boo.”	Du hast mich erschreckt, wenn Sie rief: „Boo“.	Me asustaste cuando gritó, “Boo”.	Tu me fait peur quand tu as crié, « boo. »	Vi timigis min kiam vi kriis: "boo".	Você me assustou quando você gritou: “boo”.	Boisz się mnie, gdy krzyknął: „boo”.	Ты напугал меня, когда ты кричал, «бух.»	Je liet me schrikken als je schreeuwde, “boo.”	Mi hai spaventato quando hai gridato, “boo”.
He whipped out his magic wand and cast an amazing spell.	Er peitschte seinen Zauberstab heraus und warf einen erstaunlichen Zauber.	Él sacó su varita mágica y un hechizo increíble.	Il sortit sa baguette magique et jeta un sort incroyable.	Li vipis sian magian bastonon kaj ĵetis mirinda sorĉo.	Ele sacou sua varinha mágica e jogar uma mágica incrível.	On wyciągnął swoją magiczną różdżkę i rzucił niesamowity czar.	Он выхватил волшебную палочку и бросил удивительное заклинание.	Hij haalde zijn toverstaf en wierp een geweldige spellen.	Lui tirò fuori la sua bacchetta magica e lanci una magia straordinaria.
I wish you wouldn’t slurp your drink like that.	Ich wünschte, Sie würden nicht schlürfen Ihr Getränk so.	Me gustaría que no sorber su bebida así.	Je souhaite que vous ne slurp votre boisson comme ça.	Bonvolu ne slurp trinki tiel.	Eu gostaria que você não ingerir sua bebida assim.	Życzę byś nie slurp drinka tak.	Я желаю вам не хлебать свой напиток, как это.	Ik zou willen dat je niet je drankje slurpen als dat.	Vorrei che non ci si trangugiare il vostro drink in quel modo.
Your dog barks all night, can you try and keep him quiet please.	Ihr Hund bellt die ganze Nacht, können Sie versuchen, und halten ihn Ruhe bitte.	Su perro ladra toda la noche, se puede tratar de mantenerlo tranquilo por favor.	Votre chien aboie toute la nuit, vous pouvez essayer de garder le calmer s'il vous plaît.	Via hundo bojas la tutan nokton, ĉu vi provos kaj teni lin kvietigi bonvolu.	Seu cão late a noite toda, você pode tentar e mantê-lo quieto por favor.	Twój pies szczeka całą noc, można spróbować i trzymać go uspokoić proszę.	Ваша собака лает всю ночь, вы можете попробовать и держать его успокаивать пожалуйста.	Uw hond blaft de hele nacht, kunt u proberen en houd hem Stil tevreden.	Il vostro cane abbaia tutta la notte, si può cercare di farlo stare zitto per favore.
“You will never beat me at tennis,” he snorted.	„Sie werden mich nie im Tennis schlagen“, schnaubte er.	“Nunca me va a batir en el tenis”, resopló.	« Vous ne me battre au tennis, » il ricana.	"Vi neniam batis min ĉe teniso," li snufis.	“Você nunca vai me vencer no tênis”, ele bufou.	„Nigdy nie będzie mnie pokonać w tenisa,” prychnął.	«Вы никогда не будете бить меня в теннис,» фыркнул он.	“Je zult me ​​nooit verslaan op tennis,” brieste hij.	“Lei non potrà mai battermi a tennis”, ha sbuffò.
I wish you wouldn’t mumble your words, I can’t understand what you’re saying.	Ich wünschte, Sie würden Ihre Worte nicht murmeln, ich kann nicht verstehen, was Sie sagen.	Me gustaría que no mascullar sus palabras, no puedo entender lo que está diciendo.	Je souhaite que vous ne marmonner vos mots, je ne comprends pas ce que vous dites.	Bonvolu ne murmuri viaj vortoj, mi ne komprenas kion vi diras.	Eu gostaria que você não murmurar suas palavras, eu não consigo entender o que você está dizendo.	Życzę byś nie mamrotać swoje słowa, nie mogę zrozumieć, co mówisz.	Я желаю вам не бормотать свои слова, я не могу понять, что вы говорите.	Ik zou willen dat je niet je woorden mompelen, ik kan niet begrijpen wat je zegt.	Vorrei che non sarebbe mumble le tue parole, non riesco a capire quello che stai dicendo.
Ow! That hurt.	Ow! Das tut weh.	¡Ay! Eso duele.	Ow! Ça fait mal.	Aj! Ke malbono.	Ow! Isso dói.	Ow! To boli.	Оу! Это больно.	Ow! Dat doet pijn.	Ahi! Fa male.
Shuffle the cards again.	Mischt die Karten wieder.	Se barajan las cartas de nuevo.	Mélangez les cartes à nouveau.	Miksi la kartojn denove.	Embaralhar as cartas novamente.	ponownie shuffle karty.	Перемешайте карты снова.	Schud de kaarten opnieuw.	Mescolate di nuovo le carte.
As she sat in the chair, kerplunk it collapsed.	Als sie auf dem Stuhl saß, kerplunk zusammenbrach sie.	Cuando se sentó en la silla, kerplunk se derrumbó.	Elle était assise dans le fauteuil, kerplunk il est effondré.	Kiam sxi estis sur la seĝo, Kerplunk ĝi disfalis.	Como ela se sentou na cadeira, kerplunk ele entrou em colapso.	Usiadła na krześle, Kerplunk ona upadła.	Она сидела в кресле, kerplunk она рухнула.	Terwijl ze in de stoel zat, Kerplunk het instortte.	Come si è seduta sulla sedia, Kerplunk è crollato.
Drink some water to help stop your hiccups.	Etwas Wasser trinken, um Ihren Schluckauf zu stoppen.	Beber un poco de agua para ayudar a detener el hipo.	Buvez un peu d'eau pour aider à arrêter votre hoquet.	Trinku akvon por helpi haltigi vian singulton.	Beber um pouco de água para ajudar a parar seus soluços.	Napić się wody, aby pomóc zatrzymać swoje czkawkę.	Выпейте воды, чтобы помочь остановить вашу икоту.	Drink wat water om te helpen voorkomen dat uw hik.	Bere un po 'd'acqua per aiutare a fermare tuo singhiozzo.
The champagne tickled her nose and made her giggle.	Der Champagner kitzelte ihre Nase und machte sie kichern.	El champán hizo cosquillas en la nariz y la hizo reír.	Le champagne chatouiller son nez et fait pouffer de rire.	La ĉampano tiklis sian nazon kaj faris ŝian subrido.	O champanhe cócegas o nariz e fez rir.	Szampan łaskotał jej nos i zrobiła jej chichot.	Шампанский щекотал нос и заставил ее хихикать.	De champagne kietelde haar neus en maakte haar giechelen.	Lo champagne solleticava il naso e la fece risatina.
There was a loud vroom as he revved the engine.	Es gab ein lautes vroom als er den Motor auf Touren.	Hubo una fuerte como Vroom aceleró el motor.	Il y avait un Vroom fort qu'il emballent le moteur.	Aŭdiĝis laŭta vroom kiel li revved la motoro.	Houve um vroom alto quanto ele ligou o motor.	Było głośno vroom jak on na chodzie silnik.	Был громкий Врум, как он урчит двигатель.	Er was een luide vroom als hij de motor veel toeren.	Ci fu un vroom forte che su di giri il motore.
He tapped loudly on the windowpane.	Er klopfte laut an der Fensterscheibe.	Golpeó con fuerza en el cristal de la ventana.	Il frappa bruyamment sur la vitre.	Li frapetis laŭte sur la fenestro.	Ele bateu com força na vidraça.	Zapukał głośno na szybie.	Он громко постучал по оконному стеклу.	Hij tikte hard op de ruit.	Batté rumorosamente sul vetro della finestra.
Splat, the ink spilled onto the book and ruined the page.	Splat, die Tinte verschüttet auf das Buch und ruiniert die Seite.	Splat, la tinta se derramó sobre el libro y arruinó la página.	Splat, l'encre déversée sur le livre et a ruiné la page.	Splat, la inko verŝis sur la libro kaj ruinigis la paĝo.	Splat, a tinta derramada sobre o livro e arruinou a página.	Ikona, atrament rozlał na książki i zniszczony stronę.	Splat чернила пролили на книгу и разрушили страницу.	Splat, de inkt gemorst op het boek en verpest de pagina.	Splat, l'inchiostro versato sul libro e rovinato la pagina.
She popped the balloon with a pin.	Sie tauchte den Ballon mit einem Stift.	Se metió el globo con un alfiler.	Elle a sauté le ballon avec une épingle.	Ŝi elsaltis la balono per pinglo.	Ela bateu o balão com um alfinete.	Ona pojawiła balon szpilką.	Она совала шар с булавкой.	Ze dook de ballon met een speld.	Ha spuntato il palloncino con uno spillo.
The snakes in the pit hissed menacingly.	Die Schlangen in der Grube zischte drohend.	Las serpientes en el pozo un siseo amenazador.	Les serpents dans la fosse sifflé menaçant.	La serpentoj en la puto siblis minace.	As cobras no pit sussurrou ameaçadoramente.	Węże w boksie syknął groźnie.	Змеи в яме зашипел угрожающе.	De slangen in de put siste dreigend.	I serpenti nel pozzo sibilò minacciosamente.
The tinkle of the rain could be heard in the distance and we knew it was coming our way.	Das Klirren der regen konnte in der Ferne zu hören und wir wussten, dass es uns auf dem Weg kommen würde.	El tintineo de la lluvia se podía oír en la distancia y sabíamos que venía hacia nosotros.	Le tintement de la pluie pourrait être entendu au loin et nous savions qu'il allait venir notre chemin.	La tintado de la pluvo aŭdiĝis de malproksime kaj ni sciis ĝin estis venanta nia vojo.	O tilintar da chuva podia ser ouvido à distância e nós sabia que estava vindo em nossa direção.	Brzęk deszczu słychać w oddali i wiedział, że nadchodzi nasz sposób.	Звоном дождя можно было услышать на расстоянии, и мы знали, что это идет наш путь.	Het gerinkel van de regen kon worden gehoord in de verte en we wisten dat het zou ons afkomt.	Il tintinnio della pioggia potrebbe essere sentito in lontananza e sapevamo che stava arrivando il nostro modo.
I took her shopping but she moaned throughout the day.	Ich nahm sie einkaufen, aber sie im Laufe des Tages stöhnte.	Tomé sus compras pero ella gemía durante todo el día.	Je pris ses courses, mais elle gémit tout au long de la journée.	Mi prenis ŝin komerca sed ŝi ĝemis tra la tago.	Eu a levei de compras, mas ela gemeu ao longo do dia.	Wziąłem ją na zakupy, ale jęknęła przez cały dzień.	Я взял ее покупки, но она стонала в течение всего дня.	Ik nam haar winkelen, maar ze kreunde gedurende de dag.	Ho preso il suo shopping, ma si lamentò per tutta la giornata.
Zap! The ghosts were eradicated with the laser gun.	Zap! Die Ghosts wurden mit der Laserkanone ausgerottet.	¡Borrar! Los fantasmas se erradicaron con la pistola láser.	Zap! Les fantômes ont été éradiqués avec le pistolet laser.	Zap! La fantomoj estis elradikigitaj kun la laseron pafilo.	Zap! Os fantasmas foram erradicados com a arma laser.	Zastrzelić! Duchy zostały wyeliminowane z pistoletu laserowego.	Zap! Призраки были уничтожены с лазерной пушкой.	Zap! De geesten werden uitgeroeid met de lasergun.	Zap! I fantasmi sono stati sradicati con la pistola laser.
Please do not gargle with your water like that; drink it properly.	Bitte verwenden Sie gurgeln nicht mit Wasser so; trinken Sie es richtig.	Por favor, no hacer gárgaras con el agua de esa manera; beber adecuadamente.	S'il vous plaît ne pas se gargariser avec votre eau comme ça; boire correctement.	Bonvolu ne gargle kun via akvo kiel tiu; trinki ĝin konvene.	Por favor, não gargarejo com sua água assim; beber corretamente.	Proszę nie płukać gardło wodą z takiego; pić go prawidłowo.	Пожалуйста, не полоскать с водой, как это; пить его правильно.	Gelieve niet gorgelen met uw water als dat; drink het goed.	Si prega di non fare i gargarismi con l'acqua così; bere in modo corretto.
The water gushed down the stream to the waterfall.	Das Wasser strömte hinunter den Strom zum Wasserfall.	El agua se derramaron por la corriente hasta la cascada.	L'eau a jailli sur le cours d'eau de la cascade.	La akvo versxigxis sur la rivereto al la akvofalo.	A água jorrava para baixo o fluxo até a cachoeira.	Woda tryskała w dół strumienia do wodospadu.	Вода хлынула вниз по течению до водопада.	Het water gutste langs de stroom naar de waterval.	L'acqua sgorgava lungo il torrente fino alla cascata.
Someone shut that dog up! I’m tired of her yapping at us all day.	Jemand schließt den Hund auf! Ich bin müde von ihrem Kläffen bei uns den ganzen Tag.	Alguien cerró a ese perro! Estoy cansado de ella ladrar en nosotros todo el día.	Quelqu'un a fermé que jusqu'à chien! Je suis fatigué de son jappements à nous toute la journée.	Iu fermis tiu hundo supren! Mi estas laca de sia yapping nin la tutan tagon.	Alguém fechou aquele cachorro-se! Estou cansado de sua latindo para nós durante todo o dia.	Ktoś zamknął ten pies up! Jestem zmęczony jej yapping na nas cały dzień.	Кто-то закрыл эту собаку! Я устал от нее тявкать у нас весь день.	Iemand sloot die hond op! Ik ben moe van haar gekef bij ons de hele dag.	Qualcuno chiuse quel cane in su! Sono stanco di suo abbaiare a noi tutto il giorno.
I gobbled down my food as quickly as I could so that I could go and play football.	Ich hinunterschlang mein Essen so schnell wie ich kann, so dass ich gehen und Fußball spielen könnte.	Engullí por mi comida lo más rápido que pude para que pudiera ir a jugar al fútbol.	J'avalé ma nourriture vers le bas aussi vite que je pouvais pour que je puisse aller jouer au football.	Mi forvoris mian manĝon tiel rapide kiel mi povis tiel ke mi povis iri kaj ludi futbalon.	I devorado minha comida tão rápido quanto eu podia para que eu pudesse ir e jogar futebol.	I wchłonięta w dół moje jedzenie najszybciej, jak mogłem tak, że mogę iść i grać w piłkę nożną.	Я проглотил свою еду так быстро, как я мог так, чтобы я мог пойти и играть в футбол.	Ik gobbled beneden mijn eten zo snel als ik kon, zodat ik kon gaan voetballen.	Ho inghiottito giù il mio cibo il più presto potrei modo che io possa andare a giocare a calcio.
The ding-dong of the doorbell is not loud enough.	Der ding-dong der Türklingel ist nicht laut genug.	El ding-dong del timbre de la puerta no es lo suficientemente fuerte.	Le ding-dong de la porte est pas assez fort.	La ding-dong de la stampas ne sufiĉe laŭte.	O ding-dong da campainha não é alto o suficiente.	Ding-dong od dzwonka nie jest wystarczająco głośny.	Звенящий от дверного звонка не достаточно громко.	Het ding-dong van de deurbel is niet hard genoeg.	Il ding-dong del campanello non è abbastanza forte.
We heard the tlot–tlot of the horse’s hooves.	Wir hörten den tlot-tlot des Pferdehuf.	Oímos el tlot-tlot de los cascos del caballo.	Nous avons entendu le tlot-tlot des sabots du cheval.	Ni aŭdis la tlot-tlot de la ĉevalo hufoj.	Ouvimos o tlot-tlot dos cascos do cavalo.	Słyszeliśmy tlot-tlot kopyt końskich.	Мы слышали Tlot-Tlot копыт лошади.	We hoorden de tlot-tlot van de hoeven van het paard.	Abbiamo sentito il Tlot-Tlot degli zoccoli del cavallo.
I squashed the snail when I stood on it by accident.	Ich zerquetschte die Schnecke, wenn ich es durch Zufall stand.	Aplasté el caracol cuando me quedé en él por accidente.	J'écrasé l'escargot quand je me suis dessus par hasard.	Mi premplatigis la heliko kiam mi staris sur ĝi hazarde.	I esmagado o caracol quando eu estive nele por acidente.	I zgniecione ślimak kiedy stałem na niego przez przypadek.	Я раздавил улитку, когда я стоял на ней случайно.	Ik geplet de slak als ik erop stond per ongeluk.	Ho schiacciato la lumaca quando mi trovavo su di esso per caso.
The wolf howled at the moon.	Der Wolf heulte auf dem Mond.	El lobo aulló a la luna.	Le loup hurlait à la lune.	Lupo hurlis ĉe la luno.	O lobo uivou para a lua.	Wilk zawył do księżyca.	Волк выл на луну.	De wolf huilde naar de maan.	Il lupo ululava alla luna.
For breakfast he had a cereal that went “snap, crackle and pop” as he poured on the milk.	Zum Frühstück hatte er ein Getreide, das „Snap, Knistern und Pop“ ging, wie er sich auf die Milch gegossen.	Para el desayuno que tenía un cereal que fue “chasquido, crujido y el pop” mientras se servía en la leche.	Pour le petit déjeuner, il avait une céréale qui est allé « snap, craquements et de la pop », comme il versé sur le lait.	Por matenmanĝo li havis cerealo kiu iris "klakon, krakado kaj pop" kiel li verŝis sur la lakto.	Para o pequeno almoço ele tinha um cereal que foi “estalo, crepitação e pop”, como ele derramou sobre o leite.	Na śniadanie miał płatki że poszedł „snap, crackle i pop” jak wylał na mleku.	На завтрак он был зерновых, который пошел «оснастки, треск и поп-музыки», как он вылил на молоко.	Voor het ontbijt had hij een graansoort die “snap, crackle en pop” ging hij op de melk gegoten.	Per la prima colazione aveva un cereale che è andato “a scatto, crackle e pop” mentre versava il latte.
A door banged and someone sneezed “atishoo.”	Eine Tür knallte und jemand nieste „atishoo.“	Una puerta de un golpe y alguien estornudó “atishoo.”	Une porte claqua et quelqu'un éternue « atishoo. »	Pordo batis kaj iu ternis "atishoo."	A porta bateu e alguém espirrou “Tchim.”	Drzwi z hukiem i ktoś kichnął „atishoo”.	Дверь хлопнула, и кто-то чихнул «atishoo.»	Een deur sloeg en iemand niesde “atishoo.”	Una porta sbatté e qualcuno starnutito “atishoo.”
The crowd murmured as the judge announced the verdict.	Die Menge, als der Richter murmelte kündigte das Urteil.	La multitud murmuró como el juez anunció el veredicto.	La foule murmurait que le juge a annoncé le verdict.	La homamaso murmuris la juĝisto anoncis la verdikton.	A multidão murmurou quando o juiz anunciou a sentença.	Tłum mruknął jako sędzia ogłosił werdykt.	Толпа бормотала как судья объявила приговор.	De menigte mompelde de rechter kondigde het vonnis.	La folla mormorò come il giudice ha annunciato il verdetto.
Meow purred the cat.	Meow schnurrte die Katze.	Maullido ronroneó el gato.	Meow le chat ronronne.	Meow ronronis la kato.	Meow ronronou o gato.	Meow mruczała kota.	Мяу мурлыкал кот.	Meow spinde de kat.	Meow le fusa del gatto.
Boing went the bouncy ball!	Boing ging die Flummi!	Boing fue la pelota hinchable!	Boing est allé le ballon plein d'entrain!	Boing foriris la bouncy pilko!	Boing passou a bola saltitante!	Boing poszedł nadmuchiwany piłkę!	Boing пошел Надувной мяч!	Boing ging de bouncybal!	Boing è andato la palla rimbalzante!
You are welcome!	Bitte schön!	¡De nada!	Je vous en prie!	Nedankinde!	Você é bem vindo!	Zapraszamy!	Добро пожаловать!	Alstublieft!	Prego!
What a wonderful day!	Was für ein wunderschöner Tag!	¡Qué hermoso día!	Quelle belle journée!	Kio mirinda tago!	Que dia maravilhoso!	Co za wspaniały dzień!	Какой прекрасный день!	Wat een prachtige dag!	Che bella giornata!
Let the good times roll!	Lass die guten Zeiten ruhen!	¡Deja que los buenos tiempos pasen!	Laissez le bon temps rouler!	Lasu la bonajn tempojn ruliĝi!	Deixe os bons tempos!	Niech nadejdą dobre czasy!	Пусть хорошие времена ролл!	Laat de goede tijden rollen!	Lasciate che i bei tempi rotolare!
The flight was rough!	Der Flug war rau!	El vuelo fue duro!	Le vol a été rude!	La flugo estis kruda!	O vôo era áspera!	Lot był szorstki!	Полет был груб!	De vlucht was ruw!	Il volo era agitato!
We got lost in the swamp.	Wir haben uns in den Sumpf verloren.	Nos hemos perdido en el pantano.	Nous nous sommes perdus dans le marais.	Ni perdis en la marĉo.	Temos perdido no pântano.	Zgubiliśmy się w bagno.	Мы заблудились в болоте.	We waren verdwaald in het moeras.	Ci siamo persi nella palude.
Fourteen teenagers got returned to their parents being totally drunk.	Vierzehn Jugendliche wurden zu ihren Eltern zurückgekehrt total betrunken zu sein.	Catorce adolescentes consiguieron devueltos a sus padres siendo totalmente borracho.	Quatorze adolescents se sont rendus à leurs parents étant totalement ivre.	Dek kvar adoleskantoj got revenis al siaj gepatroj esti plene ebria.	Quatorze adolescentes foi devolvida aos seus pais sendo totalmente bêbado.	Czternaście nastolatków ale wrócił do rodziców jest całkowicie pijany.	Четырнадцать подростков получили вернулись к своим родителям быть абсолютно пьяны.	Veertien tieners kreeg keerden terug naar hun ouders volkomen dronken.	Quattordici adolescenti GOT tornarono ai loro genitori di essere completamente ubriaco.
This simultaneous frontal assault and flanking maneuver halted and captured a good portion of the 15th Alabama.	Diese gleichzeitige Frontalangriff und flankierende Manöver angehalten und einen guten Teil des 15. Alabama eingefangen.	Este asalto frontal simultánea y maniobra de flanqueo detuvieron y capturaron una buena parte de la 15a Alabama.	Cette attaque frontale simultanée et manœuvre de flanc et ont capturé une stoppées bonne partie du 15e Alabama.	Ĉi samtempaj sturmo frontal kaj laŭflankantaj manovro haltis kaj kaptis bonan parton de la 15a Alabamo.	Este ataque frontal simultânea e flanqueando manobra interrompido e capturada uma boa parte do 15 Alabama.	Ten równoczesny atak frontalny i flankowanie zatrzymany i zdobył sporą część 15. Alabama.	Это одновременное фронтальное наступление и фланговые маневр остановился и захватили большую часть 15-й штат Алабама.	Deze gelijktijdige frontale aanval en flankerend manoeuvre stopgezet en veroverde een groot deel van de 15e Alabama.	Questo attacco frontale simultanea e manovra di fiancheggiamento fermato e catturato una buona parte del 15 Alabama.
In the heat of the night.	In der Hitze der Nacht.	En el calor de la noche.	Dans la chaleur de la nuit.	En la varmego de la nokto.	No calor da Noite.	W upale nocy.	В разгар ночи.	In het holst van de nacht.	Nel calore della notte.
Run for your life.	Lauf um dein Leben.	Corre por tu vida.	Cours pour ta vie.	Kuru por via vivo.	Corra por sua vida.	Run for your life.	Беги, если твоя жизнь тебе дорога.	Ren voor je leven.	Correre per la tua vita.
Cut, copy and paste.	Ausschneiden, Kopieren und Einfügen.	Cortar, copiar y pegar.	Couper, copier et coller.	Cut, kopii kaj bati.	Cortar, copiar e colar.	Wycinanie, kopiowanie i wklejanie.	Вырезать, копировать и вставлять.	Knippen, kopiëren en plakken.	Taglia, copia e incolla.
Charles Lindberg was the first to cross the atlantic in a plane.	Charles Lindberg war der erste den Atlantik in einem Flugzeug zu überqueren.	Charles Lindberg fue el primero en cruzar el Atlántico en un avión.	Charles Lindberg fut le premier à traverser l'Atlantique dans un plan.	Charles Lindberg estis la unua transiri la Atlantika en ebeno.	Charles Lindberg foi o primeiro a atravessar o Atlântico em um plano.	Charles Lindbergh jako pierwszy przepłynąć Atlantyk w samolocie.	Чарльз Линдберг был первым, чтобы пересечь Атлантику на самолете.	Charles Lindberg als eerste de Atlantische in een vlak te steken.	Charles Lindberg fu il primo ad attraversare l'Atlantico in un piano.
The maya glyphs have only recently been deciphered.	Die Maya-Glyphen haben erst vor kurzem entschlüsselt.	Los glifos mayas sólo recientemente se han descifrado.	Les Glyphes MAYA ont récemment été déchiffré.	La maya hieroglifoj nur ĵus estis deĉifrita.	Os hieróglifos maias só recentemente foram decifradas.	Glify Maya dopiero niedawno zostały rozszyfrowane.	Глифы майя только недавно были расшифрованы.	De maya glyphs zijn pas recentelijk ontcijferd.	I glifi maya sono stati recentemente decifrati solo.
Jet lag was previously classified as one of the circadian rhythm sleep disorders.	Jetlag war zuvor als einer der zirkadianen Schlafstörungen klassifiziert.	El jet lag se clasificó previamente como uno de los trastornos del sueño del ritmo circadiano.	Jet lag a déjà été classé comme l'un des troubles du rythme circadien du sommeil.	Jeto postrestas estis antaŭe klasifikita kiel unu el la ritmoj ritmo dormo malordoj.	Jet lag foi previamente classificado como um dos distúrbios do ritmo circadiano.	Jet lag był wcześniej klasyfikowany jako jeden z dobowego rytmu zaburzenia snu.	биоритма был ранее классифицирован как один из циркадного ритма сна.	Jetlag is eerder geclassificeerd als een van de circadiane ritme slaapstoornissen.	Jet lag è più considerata come uno dei disturbi del sonno ritmo circadiano.
With seven cities in fifteen days you are going to be really busy.	Mit sieben Städten in 15 Tagen sind Sie wirklich beschäftigt sein.	Con siete ciudades en quince días que va a estar muy ocupado.	Avec sept villes en quinze jours, vous allez être très occupé.	Kun sep urboj en dek kvin tagoj vi estos vere okupita.	Com sete cidades em quinze dias você vai estar muito ocupado.	Z siedmiu miast w piętnastu dni masz zamiar być bardzo zajęty.	С семи городов пятнадцати дней вы собираетесь быть очень занят.	Met zeven steden in vijftien dagen je gaat echt bezig te zijn.	Con sette città in quindici giorni che si sta per essere molto occupato.
A Google translated sentence is better than no translation but still far from being accurate.	Ein Google übersetzte Satz ist besser als gar keine Übersetzung, aber bei weitem noch nicht genau zu sein.	Una frase traducida Google es mejor que ninguna traducción, pero aún lejos de ser exacta.	Une phrase traduite Google est mieux que pas de traduction, mais encore loin d'être précis.	Google tradukita frazo estas pli bona ol neniu traduko sed ankoraŭ for de esti preciza.	A frase traduzida Google é melhor do que nenhuma tradução, mas ainda longe de ser exata.	Google przetłumaczone zdanie jest lepsza niż brak tłumaczenia, ale wciąż daleko od bycia dokładne.	Google перевел предложение лучше, чем без перевода, но все еще далека от точной.	Een Google vertaalde zin is beter dan helemaal geen vertaling, maar nog verre van accuraat.	Una frase tradotta Google è meglio di nessuna traduzione ma ancora lontano dall'essere accurate.
The working culture of silicon valley company differs positively in a great amount from traditional working cultures	Die Arbeitskultur des Silicon Valley Unternehmen unterscheidet sich positiv in einer großen Menge von traditionellen Arbeitskulturen	La cultura de trabajo de la compañía de Silicon Valley se diferencia positivamente en una gran cantidad de trabajo a partir de cultivos tradicionales	La culture de travail de l'entreprise de la vallée de silicium se distingue positivement dans une grande quantité de cultures traditionnelles de travail	La laboranta kulturo de silicio valo entrepreno diferencas pozitive en granda kvanto de tradicia laborista kulturoj	A cultura de trabalho da empresa do Vale do Silício difere positivamente em uma grande quantidade de culturas de trabalho tradicionais	Kultura pracy firmy Silicon Valley pozytywnie różni się w wielkiej ilości od tradycyjnych kultur pracy	Рабочая культура кремния долины компании положительно отличается большим количеством традиционных рабочих культур	De werkcultuur van Silicon Valley bedrijf onderscheidt zich positief in een grote hoeveelheid van de traditionele werkculturen	La cultura di lavoro della società valle silicio differenzia positivamente in una grande quantità da culture di lavoro tradizionali
The king is dead. Long live the king.	Der König ist tot. Lang lebe der König.	El rey esta muerto. Larga vida al rey.	Le roi est mort. Longue vie au roi.	La reĝo mortis. Vivu la reĝo.	O rei está morto. Vida longa ao rei.	Król nie żyje. Niech żyje król.	Король мертв. Да здравствует король.	De koning is dood. Lang leve de koning.	Il re è morto. Lunga vita al Re.
The identity of Jack the Ripper will remain a mystery.	Die Identität von Jack the Ripper wird ein Geheimnis bleiben.	La identidad de Jack el Destripador seguirá siendo un misterio.	L'identité de Jack l'Eventreur restera un mystère.	La identeco de Jack la Ripper restos mistero.	A identidade de Jack, o Estripador, continuará a ser um mistério.	Tożsamość Kuby Rozpruwacza pozostanie tajemnicą.	Личность Джека Потрошителя остается загадкой.	De identiteit van Jack the Ripper zal een mysterie blijven.	L'identità di Jack lo Squartatore rimarrà un mistero.
Languages change constantly.	Sprachen verändern sich ständig.	Idiomas cambian constantemente.	Langues changent constamment.	Lingvoj ŝanĝas senĉese.	As línguas mudam constantemente.	Języki ciągle się zmieniają.	Языки постоянно меняются.	Talen veranderen voortdurend.	Lingue cambiano in continuazione.
I will never give up.	Ich werde niemals aufgeben.	Nunca me rendiré.	Je n'abandonnerai jamais.	Mi neniam rezignos.	Eu nunca vou desistir.	Nigdy nie poddam się.	Я никогда не сдамся.	Ik zal nooit opgeven.	Non mi arrenderò mai.