Username;Email
Christiane Heinz;bohlandereva-marie@speer.com
Sandra Stahr-Briemer;ubauer@googlemail.com
Tony Scholl-Birnbaum;konstanze86@bluemel.com
Simona Hettner;constanzehenck@yahoo.de
Heinz-Peter Neureuther-Löchel;heide-marie45@klemm.com
Gislinde Bohlander;walterhans-hermann@trupp.de
Frieda Eigenwillig;bseidel@web.de
Ercan Schacht;clinke@googlemail.com
Herbert Mühle-Binner;wagnerkonstanze@hellwig.com
Dipl.-Ing. Patric Becker B.Sc.;ubolnbach@haase.net
Dr. Elke Lehmann B.A.;zehranohlmans@gmail.com
Götz Mälzer B.Sc.;dsauer@aol.de
Herwig Adolph;sieringhanna@aol.de
Brita Cichorius;francisco67@koch.com
Prof. Babette Scheuermann;qlindner@yahoo.de
Antonio Rosenow;karl-josefstahr@yahoo.de
Univ.Prof. Sina Stadelmann MBA.;xmude@davids.com
Evangelia Junk;akade@gmail.com
Prof. Theresa Sorgatz;twulff@weinhold.de
Raymond Mohaupt;mstumpf@preiss.com
Jennifer Miller;suttonstephanie@gmail.com
Lindsay Serrano;tammy83@eaton-mckenzie.org
Jason Jones;hinesmelissa@richardson.com
Elizabeth Garner;lisa90@brown.net
Anthony Hendrix;lisalewis@yahoo.com
Kathy Vance;lmcclain@gmail.com
Allison Hall;jeffrey60@hotmail.com
Jasmine Garcia;lisa40@yahoo.com
Andrew Harris;ojackson@yahoo.com
Kathryn Spears;katrinanorris@fowler-zimmerman.com
Eric Howard;jonesdavid@hall.com
Jonathan Escobar;ccox@gmail.com
Kaylee Phillips;cmurray@hotmail.com
Jamie Frederick;scottjeanette@gilbert-davis.com
Sandra Velasquez;yscott@king.org
Dennis Martin;pgreen@yahoo.com
Kenneth Jenkins;mitchellsamantha@yahoo.com
Matthew Lester;powelljon@gmail.com
Matthew Dalton;tamara61@hotmail.com
Charles Rojas;taylorlambert@watson.com
